id   ,first_name   ,last_name     ,email
   1 ,Tom          ,Paintain      ,tpaintain0@discuz.net
   2 ,Joby         ,Dack          ,jdack1@devhub.com
   3 ,Dew          ,Alliker       ,dalliker2@dyndns.org
   4 ,Paolo        ,Tonge         ,ptonge3@examiner.com
   5 ,Rey          ,O'Lennane     ,rolennane4@ft.com
   6 ,Quinton      ,Allonby       ,qallonby5@barnesandnoble.com
   7 ,Dana         ,Tomasicchio   ,dtomasicchio6@1und1.de
   8 ,Emelda       ,Nutkins       ,enutkins7@oracle.com
   9 ,Gunner       ,Sansam        ,gsansam8@hostgator.com
  10 ,Torr         ,Scottesmoor   ,tscottesmoor9@google.co.jp
  11 ,Abram        ,Cranidge      ,acranidgea@sun.com
  12 ,Cari         ,Barras        ,cbarrasb@paypal.com
  13 ,Helli        ,Aloshechkin   ,haloshechkinc@newyorker.com
  14 ,Nalani       ,Carnilian     ,ncarniliand@amazon.co.jp
  15 ,Odie         ,Marlon        ,omarlone@vk.com
  16 ,Trixie       ,Huband        ,thubandf@dedecms.com
  17 ,Mart         ,Olyff         ,molyffg@fda.gov
  18 ,Norma        ,Lafond        ,nlafondh@nytimes.com
  19 ,Bria         ,Goakes        ,bgoakesi@taobao.com
  20 ,Karilynn     ,Bartkiewicz   ,kbartkiewiczj@rambler.ru
  21 ,Martina      ,Haseman       ,mhasemank@friendfeed.com
  22 ,Lois         ,Iacovucci     ,liacovuccil@pcworld.com
  23 ,Agata        ,Kerwood       ,akerwoodm@odnoklassniki.ru
  24 ,Gian         ,Wilprecht     ,gwilprechtn@sina.com.cn
  25 ,Darsey       ,Larcier       ,dlarciero@imdb.com
  26 ,Chandler     ,Itscowics     ,citscowicsp@harvard.edu
  27 ,Ernaline     ,Neggrini      ,eneggriniq@wix.com
  28 ,Suzi         ,Hayhow        ,shayhowr@npr.org
  29 ,Elisabetta   ,Hanssmann     ,ehanssmanns@sfgate.com
  30 ,Bendicty     ,Lufkin        ,blufkint@squidoo.com
  31 ,Hilton       ,Du Plantier   ,hduplantieru@nydailynews.com
  32 ,Darline      ,Sangster      ,dsangsterv@godaddy.com
  33 ,Sheeree      ,Cadalleder    ,scadallederw@smugmug.com
  34 ,Jerrie       ,Plait         ,jplaitx@clickbank.net
  35 ,Dotti        ,Strain        ,dstrainy@nyu.edu
  36 ,Welbie       ,Maffezzoli    ,wmaffezzoliz@disqus.com
  37 ,Shirley      ,Yarham        ,syarham10@webeden.co.uk
  38 ,Jamey        ,Conahy        ,jconahy11@state.tx.us
  39 ,Garrek       ,Addionizio    ,gaddionizio12@google.pl
  40 ,Melvyn       ,Monaghan      ,mmonaghan13@fda.gov
  41 ,Mathew       ,Erricker      ,merricker14@nymag.com
  42 ,Floyd        ,Guiduzzi      ,fguiduzzi15@adobe.com
  43 ,Raymund      ,Mager         ,rmager16@independent.co.uk
  44 ,Val          ,Grahl         ,vgrahl17@flavors.me
  45 ,Jeniffer     ,Pauwel        ,jpauwel18@free.fr
  46 ,Fiona        ,Dumphries     ,fdumphries19@deviantart.com
  47 ,Neils        ,Baglin        ,nbaglin1a@typepad.com
  48 ,Rozella      ,Kilbourn      ,rkilbourn1b@netlog.com
  49 ,Jena         ,Overbury      ,joverbury1c@mail.ru
  50 ,Sofia        ,MacTrustrie   ,smactrustrie1d@upenn.edu
  51 ,Katey        ,Batchan       ,kbatchan1e@bigcartel.com
  52 ,Delilah      ,Tainton       ,dtainton1f@tripadvisor.com
  53 ,Morna        ,Cecchi        ,mcecchi1g@exblog.jp
  54 ,Cyndia       ,Muldoon       ,cmuldoon1h@techcrunch.com
  55 ,Babita       ,Dowbakin      ,bdowbakin1i@rambler.ru
  56 ,Judi         ,Horley        ,jhorley1j@trellian.com
  57 ,Kelbee       ,Morgen        ,kmorgen1k@japanpost.jp
  58 ,Yves         ,Iacopo        ,yiacopo1l@diigo.com
  59 ,Kial         ,Finnick       ,kfinnick1m@jugem.jp
  60 ,Liz          ,Marjanski     ,lmarjanski1n@state.gov
  61 ,Daryl        ,Houson        ,dhouson1o@nasa.gov
  62 ,Viv          ,Pickavant     ,vpickavant1p@columbia.edu
  63 ,Silvester    ,Pfeffer       ,spfeffer1q@aboutads.info
  64 ,Suzette      ,Hessel        ,shessel1r@slate.com
  65 ,Demetris     ,Elsey         ,delsey1s@yandex.ru
  66 ,Daron        ,Smallwood     ,dsmallwood1t@ox.ac.uk
  67 ,Bradan       ,Kobsch        ,bkobsch1u@soundcloud.com
  68 ,Osmund       ,Mabbe         ,omabbe1v@biglobe.ne.jp
  69 ,Vite         ,Penright      ,vpenright1w@mapy.cz
  70 ,Lucie        ,Hoult         ,lhoult1x@symantec.com
  71 ,Flora        ,Ickovicz      ,fickovicz1y@livejournal.com
  72 ,Sloan        ,Childe        ,schilde1z@sogou.com
  73 ,Leigh        ,Blaske        ,lblaske20@godaddy.com
  74 ,Chaddie      ,Gittoes       ,cgittoes21@berkeley.edu
  75 ,Ilene        ,Du Barry      ,idubarry22@phoca.cz
  76 ,Abramo       ,Larkworthy    ,alarkworthy23@techcrunch.com
  77 ,Corey        ,Beldam        ,cbeldam24@amazon.co.uk
  78 ,Catharina    ,Every         ,cevery25@list-manage.com
  79 ,Westbrooke   ,Pringell      ,wpringell26@list-manage.com
  80 ,Virginie     ,Durrance      ,vdurrance27@irs.gov
  81 ,Blanca       ,Hutchings     ,bhutchings28@amazon.co.jp
  82 ,Myranda      ,Dengel        ,mdengel29@twitter.com
  83 ,Willard      ,McGaw         ,wmcgaw2a@foxnews.com
  84 ,Carry        ,Cicerone      ,ccicerone2b@icq.com
  85 ,Rolando      ,Forsdyke      ,rforsdyke2c@cbslocal.com
  86 ,Maurise      ,McWhinnie     ,mmcwhinnie2d@howstuffworks.com
  87 ,Barr         ,Ishak         ,bishak2e@123-reg.co.uk
  88 ,Denyse       ,Walkinshaw    ,dwalkinshaw2f@google.fr
  89 ,Bernhard     ,Whorton       ,bwhorton2g@ezinearticles.com
  90 ,Douglas      ,Frede         ,dfrede2h@t.co
  91 ,Ambros       ,Mullinger     ,amullinger2i@infoseek.co.jp
  92 ,Zebulen      ,Hardwin       ,zhardwin2j@admin.ch
  93 ,Sonja        ,Gorger        ,sgorger2k@latimes.com
  94 ,Alie         ,Woodrow       ,awoodrow2l@domainmarket.com
  95 ,Tymothy      ,Hosby         ,thosby2m@csmonitor.com
  96 ,Ivor         ,Whaley        ,iwhaley2n@home.pl
  97 ,Ofelia       ,Thirst        ,othirst2o@flickr.com
  98 ,Wainwright   ,Selland       ,wselland2p@marketwatch.com
  99 ,Godiva       ,Chard         ,gchard2q@arstechnica.com
 100 ,Armstrong    ,Fishlock      ,afishlock2r@wikia.com
 101 ,Dodi         ,Biskupski     ,dbiskupski2s@quantcast.com
 102 ,Vaclav       ,Burles        ,vburles2t@photobucket.com
 103 ,Cordie       ,Murkitt       ,cmurkitt2u@google.com.br
 104 ,Lucky        ,Luquet        ,lluquet2v@ucoz.ru
 105 ,Sibylle      ,Lemar         ,slemar2w@sbwire.com
 106 ,Mufi         ,Siccombe      ,msiccombe2x@cbsnews.com
 107 ,Willyt       ,Lalonde       ,wlalonde2y@opera.com
 108 ,Randell      ,Radenhurst    ,rradenhurst2z@etsy.com
 109 ,Felix        ,Lille         ,flille30@diigo.com
 110 ,Minni        ,Petry         ,mpetry31@hhs.gov
 111 ,Meg          ,Blazewski     ,mblazewski32@wordpress.com
 112 ,Elene        ,Lindores      ,elindores33@com.com
 113 ,Martita      ,Shyram        ,mshyram34@dell.com
 114 ,Minette      ,Walton        ,mwalton35@booking.com
 115 ,Morena       ,Hail          ,mhail36@barnesandnoble.com
 116 ,Irene        ,Bartoloma     ,ibartoloma37@rakuten.co.jp
 117 ,Graehme      ,Terrill       ,gterrill38@theatlantic.com
 118 ,Bernardina   ,Bertholin     ,bbertholin39@msn.com
 119 ,Keir         ,Scaysbrook    ,kscaysbrook3a@tripod.com
 120 ,Raimund      ,Siflet        ,rsiflet3b@seesaa.net
 121 ,Fonzie       ,Waiton        ,fwaiton3c@hud.gov
 122 ,Aguie        ,Freke         ,afreke3d@behance.net
 123 ,Juliane      ,Grono         ,jgrono3e@guardian.co.uk
 124 ,Nessa        ,Snowsill      ,nsnowsill3f@amazonaws.com
 125 ,Carie        ,Walbrun       ,cwalbrun3g@soup.io
 126 ,Remy         ,Sturges       ,rsturges3h@umn.edu
 127 ,Merle        ,Learoyd       ,mlearoyd3i@live.com
 128 ,Janeta       ,Phebey        ,jphebey3j@cmu.edu
 129 ,Rodi         ,Splain        ,rsplain3k@seesaa.net
 130 ,Amata        ,Nials         ,anials3l@cyberchimps.com
 131 ,Rosemarie    ,Guillart      ,rguillart3m@hubpages.com
 132 ,Thaddeus     ,Rosoman       ,trosoman3n@hexun.com
 133 ,Babs         ,Dottridge     ,bdottridge3o@bbb.org
 134 ,Lorilee      ,Grimsey       ,lgrimsey3p@skype.com
 135 ,Brewer       ,Staddart      ,bstaddart3q@epa.gov
 136 ,Vanya        ,Hobden        ,vhobden3r@npr.org
 137 ,Kellyann     ,Letten        ,kletten3s@acquirethisname.com
 138 ,Merv         ,Martins       ,mmartins3t@census.gov
 139 ,Joli         ,Side          ,jside3u@altervista.org
 140 ,Bellina      ,Hutchin       ,bhutchin3v@nytimes.com
 141 ,Osborne      ,Seagrave      ,oseagrave3w@irs.gov
 142 ,Timmi        ,Myott         ,tmyott3x@123-reg.co.uk
 143 ,Lind         ,Rizzello      ,lrizzello3y@example.com
 144 ,Maddi        ,Brealey       ,mbrealey3z@discovery.com
 145 ,Corny        ,Dogg          ,cdogg40@icio.us
 146 ,Piotr        ,Bendell       ,pbendell41@wufoo.com
 147 ,Celie        ,Argabrite     ,cargabrite42@soundcloud.com
 148 ,Lorrin       ,Netherwood    ,lnetherwood43@meetup.com
 149 ,Kyla         ,Handmore      ,khandmore44@reverbnation.com
 150 ,Cristian     ,Brundle       ,cbrundle45@va.gov
 151 ,Nicky        ,Astbery       ,nastbery46@dmoz.org
 152 ,Forrester    ,Danilovic     ,fdanilovic47@hhs.gov
 153 ,Gabriello    ,Touzey        ,gtouzey48@state.gov
 154 ,Pete         ,Meake         ,pmeake49@booking.com
 155 ,Layney       ,Height        ,lheight4a@wikipedia.org
 156 ,Tracey       ,Blaber        ,tblaber4b@aol.com
 157 ,Emmeline     ,Canner        ,ecanner4c@ask.com
 158 ,Diego        ,Puig          ,dpuig4d@pen.io
 159 ,Erwin        ,Dudmesh       ,edudmesh4e@who.int
 160 ,Arley        ,Mourbey       ,amourbey4f@bluehost.com
 161 ,Dario        ,Zanioletti    ,dzanioletti4g@twitter.com
 162 ,Kerr         ,Petts         ,kpetts4h@phpbb.com
 163 ,Marcela      ,Tankus        ,mtankus4i@timesonline.co.uk
 164 ,Adena        ,Soff          ,asoff4j@apple.com
 165 ,Burton       ,Zoane         ,bzoane4k@moonfruit.com
 166 ,Jere         ,Byard         ,jbyard4l@topsy.com
 167 ,Beck         ,Bischop       ,bbischop4m@ustream.tv
 168 ,Brockie      ,Verryan       ,bverryan4n@canalblog.com
 169 ,Leila        ,Freiberg      ,lfreiberg4o@scribd.com
 170 ,Harald       ,Totterdell    ,htotterdell4p@bravesites.com
 171 ,Saree        ,Libermore     ,slibermore4q@mapy.cz
 172 ,Dagny        ,Loffhead      ,dloffhead4r@123-reg.co.uk
 173 ,Si           ,Pendlington   ,spendlington4s@cisco.com
 174 ,Kienan       ,Garlette      ,kgarlette4t@amazon.co.jp
 175 ,Alasdair     ,Maunder       ,amaunder4u@youku.com
 176 ,Lauryn       ,Sogg          ,lsogg4v@addtoany.com
 177 ,Rozalin      ,Greensmith    ,rgreensmith4w@earthlink.net
 178 ,Xavier       ,McGilvary     ,xmcgilvary4x@yolasite.com
 179 ,Parker       ,Coopper       ,pcoopper4y@vk.com
 180 ,Brose        ,Chaise        ,bchaise4z@google.co.jp
 181 ,Ferdinanda   ,Jennaway      ,fjennaway50@marriott.com
 182 ,Toby         ,Seywood       ,tseywood51@geocities.com
 183 ,Hort         ,Francklin     ,hfrancklin52@mlb.com
 184 ,Karalee      ,Jersh         ,kjersh53@51.la
 185 ,Gilburt      ,Gerrett       ,ggerrett54@posterous.com
 186 ,Clyve        ,Mariaud       ,cmariaud55@icq.com
 187 ,Lorelle      ,Cossins       ,lcossins56@whitehouse.gov
 188 ,Aeriell      ,Dalliwater    ,adalliwater57@disqus.com
 189 ,Lind         ,Smullin       ,lsmullin58@statcounter.com
 190 ,Stephana     ,Quarlis       ,squarlis59@dailymotion.com
 191 ,Ariella      ,Gowrich       ,agowrich5a@example.com
 192 ,Walt         ,Girdlestone   ,wgirdlestone5b@cloudflare.com
 193 ,Quintana     ,Hynson        ,qhynson5c@eventbrite.com
 194 ,Dulce        ,Sember        ,dsember5d@is.gd
 195 ,Eliot        ,Evreux        ,eevreux5e@purevolume.com
 196 ,Fitzgerald   ,Madgett       ,fmadgett5f@usda.gov
 197 ,Kary         ,Pendleberry   ,kpendleberry5g@guardian.co.uk
 198 ,Lurlene      ,Willoway      ,lwilloway5h@phoca.cz
 199 ,Melly        ,Spadari       ,mspadari5i@mayoclinic.com
 200 ,Suzie        ,Buffin        ,sbuffin5j@usatoday.com
 201 ,Ashley       ,Rosingdall    ,arosingdall5k@flavors.me
 202 ,Anjanette    ,Joddens       ,ajoddens5l@cocolog-nifty.com
 203 ,Reiko        ,Colegate      ,rcolegate5m@howstuffworks.com
 204 ,Ringo        ,Doley         ,rdoley5n@go.com
 205 ,Jerrie       ,Checo         ,jcheco5o@mozilla.com
 206 ,Verile       ,D'Agostino    ,vdagostino5p@adobe.com
 207 ,Kingsley     ,Derycot       ,kderycot5q@joomla.org
 208 ,Kearney      ,Yakob         ,kyakob5r@ed.gov
 209 ,Rosaline     ,McNeely       ,rmcneely5s@china.com.cn
 210 ,Calypso      ,Rickaert      ,crickaert5t@msu.edu
 211 ,Douglass     ,Cadwell       ,dcadwell5u@vimeo.com
 212 ,Ardine       ,Bodycomb      ,abodycomb5v@google.de
 213 ,Aloysia      ,Charville     ,acharville5w@lulu.com
 214 ,Jillana      ,Copnell       ,jcopnell5x@house.gov
 215 ,Carin        ,Fazan         ,cfazan5y@arizona.edu
 216 ,Alick        ,Manueli       ,amanueli5z@princeton.edu
 217 ,Katuscha     ,Mengo         ,kmengo60@printfriendly.com
 218 ,Jermaine     ,Tether        ,jtether61@cisco.com
 219 ,Jana         ,Merrington    ,jmerrington62@tinyurl.com
 220 ,Tani         ,Carlon        ,tcarlon63@wiley.com
 221 ,Guy          ,Snelling      ,gsnelling64@hud.gov
 222 ,Sibylle      ,Tomkies       ,stomkies65@cbc.ca
 223 ,Row          ,Vanderson     ,rvanderson66@xing.com
 224 ,Donnajean    ,Belly         ,dbelly67@noaa.gov
 225 ,Quinlan      ,Pollitt       ,qpollitt68@independent.co.uk
 226 ,Peyter       ,Salvadore     ,psalvadore69@diigo.com
 227 ,Abra         ,Hedgeley      ,ahedgeley6a@aboutads.info
 228 ,Annnora      ,Ferretti      ,aferretti6b@ezinearticles.com
 229 ,Krystyna     ,Nolleau       ,knolleau6c@360.cn
 230 ,Elbert       ,Wooding       ,ewooding6d@xrea.com
 231 ,Waly         ,Tither        ,wtither6e@github.com
 232 ,Raddie       ,Kupisz        ,rkupisz6f@si.edu
 233 ,Maris        ,Vedeniktov    ,mvedeniktov6g@stumbleupon.com
 234 ,Shayne       ,Saul          ,ssaul6h@moonfruit.com
 235 ,Halette      ,McGavigan     ,hmcgavigan6i@opera.com
 236 ,Allys        ,Rhyme         ,arhyme6j@zimbio.com
 237 ,Charissa     ,Hakking       ,chakking6k@macromedia.com
 238 ,Joya         ,Anthonies     ,janthonies6l@gravatar.com
 239 ,Janeen       ,Unstead       ,junstead6m@dion.ne.jp
 240 ,Geordie      ,Biglin        ,gbiglin6n@java.com
 241 ,Lauree       ,Kermitt       ,lkermitt6o@tamu.edu
 242 ,Jedd         ,Hartropp      ,jhartropp6p@histats.com
 243 ,Dix          ,Sayward       ,dsayward6q@archive.org
 244 ,Alfreda      ,Lambourne     ,alambourne6r@dailymotion.com
 245 ,Rita         ,Kingsland     ,rkingsland6s@weather.com
 246 ,Ekaterina    ,Woofenden     ,ewoofenden6t@creativecommons.org
 247 ,Magnum       ,Berth         ,mberth6u@wordpress.org
 248 ,Corabel      ,Walley        ,cwalley6v@drupal.org
 249 ,Stephana     ,Suller        ,ssuller6w@ca.gov
 250 ,Filmer       ,Ellwand       ,fellwand6x@ox.ac.uk
 251 ,Maison       ,Comiam        ,mcomiam6y@wufoo.com
 252 ,Earl         ,Scrace        ,escrace6z@scientificamerican.com
 253 ,Anette       ,Littlefair    ,alittlefair70@cmu.edu
 254 ,Davine       ,Happer        ,dhapper71@edublogs.org
 255 ,Alyssa       ,Fer           ,afer72@shop-pro.jp
 256 ,Corey        ,Stebbing      ,cstebbing73@nbcnews.com
 257 ,Christa      ,Volante       ,cvolante74@dyndns.org
 258 ,Marje        ,Comizzoli     ,mcomizzoli75@ezinearticles.com
 259 ,Cole         ,Tapley        ,ctapley76@pagesperso-orange.fr
 260 ,Maggi        ,Yarranton     ,myarranton77@fastcompany.com
 261 ,Ursuline     ,Dank          ,udank78@nydailynews.com
 262 ,Missie       ,Geeraert      ,mgeeraert79@usda.gov
 263 ,Weider       ,Hunnicot      ,whunnicot7a@bing.com
 264 ,Desmond      ,Causer        ,dcauser7b@adobe.com
 265 ,Gib          ,McPhaden      ,gmcphaden7c@istockphoto.com
 266 ,Nellie       ,Jellings      ,njellings7d@tripod.com
 267 ,Winslow      ,Robion        ,wrobion7e@elegantthemes.com
 268 ,Case         ,Hizir         ,chizir7f@360.cn
 269 ,Hanny        ,Tomasek       ,htomasek7g@domainmarket.com
 270 ,Shaw         ,Goggin        ,sgoggin7h@ft.com
 271 ,Lee          ,Telford       ,ltelford7i@mapquest.com
 272 ,Renie        ,Hugnot        ,rhugnot7j@zdnet.com
 273 ,Tedi         ,Cristofolo    ,tcristofolo7k@ted.com
 274 ,Hilly        ,Garretts      ,hgarretts7l@bing.com
 275 ,Selina       ,Winkle        ,swinkle7m@creativecommons.org
 276 ,Concordia    ,Wrout         ,cwrout7n@japanpost.jp
 277 ,Valaree      ,Constantine   ,vconstantine7o@google.cn
 278 ,Chevy        ,Downey        ,cdowney7p@sina.com.cn
 279 ,Veradis      ,Tremathick    ,vtremathick7q@theglobeandmail.com
 280 ,Verna        ,Maiklem       ,vmaiklem7r@netlog.com
 281 ,Candie       ,Orlton        ,corlton7s@jiathis.com
 282 ,Ryann        ,Scherer       ,rscherer7t@ning.com
 283 ,Flin         ,Clunie        ,fclunie7u@purevolume.com
 284 ,Pearline     ,Norcliffe     ,pnorcliffe7v@dot.gov
 285 ,Giorgi       ,Dawidowsky    ,gdawidowsky7w@accuweather.com
 286 ,Saudra       ,Dorrell       ,sdorrell7x@wufoo.com
 287 ,Ewen         ,Hryniewicz    ,ehryniewicz7y@squidoo.com
 288 ,Mar          ,Gillebert     ,mgillebert7z@is.gd
 289 ,Joy          ,Hexter        ,jhexter80@paypal.com
 290 ,Eadith       ,Fairall       ,efairall81@sphinn.com
 291 ,Rhys         ,Tsar          ,rtsar82@samsung.com
 292 ,Lynn         ,Kits          ,lkits83@sciencedirect.com
 293 ,Westbrook    ,Plumb         ,wplumb84@github.com
 294 ,Jamie        ,Lamputt       ,jlamputt85@xing.com
 295 ,Davin        ,MacKall       ,dmackall86@howstuffworks.com
 296 ,Alfy         ,Patillo       ,apatillo87@intel.com
 297 ,Darcy        ,Fibbings      ,dfibbings88@thetimes.co.uk
 298 ,Windham      ,Pinkie        ,wpinkie89@comcast.net
 299 ,Sara-ann     ,Pierton       ,spierton8a@free.fr
 300 ,Patrica      ,Syratt        ,psyratt8b@ucla.edu
 301 ,Kyle         ,Govern        ,kgovern8c@adobe.com
 302 ,Lisbeth      ,Dutton        ,ldutton8d@php.net
 303 ,Calla        ,Luckey        ,cluckey8e@ucla.edu
 304 ,Emmott       ,Buckle        ,ebuckle8f@oaic.gov.au
 305 ,Jimmie       ,Radage        ,jradage8g@disqus.com
 306 ,Betsey       ,Corbet        ,bcorbet8h@tmall.com
 307 ,Wolf         ,Veness        ,wveness8i@xing.com
 308 ,Harald       ,Struys        ,hstruys8j@sphinn.com
 309 ,Seymour      ,Tawn          ,stawn8k@issuu.com
 310 ,Aime         ,Cooksey       ,acooksey8l@photobucket.com
 311 ,Noel         ,Kopta         ,nkopta8m@goo.ne.jp
 312 ,Marielle     ,Jemmison      ,mjemmison8n@newyorker.com
 313 ,Wiatt        ,MacSherry     ,wmacsherry8o@jimdo.com
 314 ,Way          ,Lefort        ,wlefort8p@examiner.com
 315 ,Gaylord      ,Colebourn     ,gcolebourn8q@bloomberg.com
 316 ,Stevena      ,Caro          ,scaro8r@freewebs.com
 317 ,Engelbert    ,Carhart       ,ecarhart8s@webeden.co.uk
 318 ,Bobina       ,Gudde         ,bgudde8t@is.gd
 319 ,Reed         ,Loosemore     ,rloosemore8u@pen.io
 320 ,Eddy         ,Lettington    ,elettington8v@etsy.com
 321 ,Gilemette    ,Calender      ,gcalender8w@adobe.com
 322 ,Liesa        ,Arkle         ,larkle8x@sakura.ne.jp
 323 ,Lesli        ,Brindley      ,lbrindley8y@myspace.com
 324 ,Elia         ,Fordy         ,efordy8z@time.com
 325 ,Chadwick     ,Volk          ,cvolk90@google.ru
 326 ,Griffie      ,Crofthwaite   ,gcrofthwaite91@barnesandnoble.com
 327 ,Huntlee      ,Dunnett       ,hdunnett92@bizjournals.com
 328 ,Reinhold     ,Castel        ,rcastel93@godaddy.com
 329 ,Morissa      ,Aldiss        ,maldiss94@cocolog-nifty.com
 330 ,Hasty        ,Millership    ,hmillership95@godaddy.com
 331 ,Iolande      ,Glasson       ,iglasson96@usa.gov
 332 ,Killian      ,Reynish       ,kreynish97@seattletimes.com
 333 ,Goddard      ,MacDonough    ,gmacdonough98@mac.com
 334 ,Corrie       ,Lewtey        ,clewtey99@mozilla.com
 335 ,Juliane      ,Ferrey        ,jferrey9a@amazon.com
 336 ,Talyah       ,Reiling       ,treiling9b@hc360.com
 337 ,Ralph        ,Hempshall     ,rhempshall9c@jalbum.net
 338 ,Wendye       ,Rodda         ,wrodda9d@narod.ru
 339 ,Marilyn      ,Vasilchikov   ,mvasilchikov9e@eventbrite.com
 340 ,Madeleine    ,Yurlov        ,myurlov9f@wordpress.org
 341 ,Leo          ,Furley        ,lfurley9g@hc360.com
 342 ,Ingunna      ,Penketh       ,ipenketh9h@wikia.com
 343 ,Jeni         ,Kohler        ,jkohler9i@youtube.com
 344 ,Verena       ,O' Faherty    ,vofaherty9j@barnesandnoble.com
 345 ,Enrichetta   ,Simacek       ,esimacek9k@forbes.com
 346 ,Maritsa      ,Thorndycraft  ,mthorndycraft9l@tmall.com
 347 ,Deborah      ,Twinberrow    ,dtwinberrow9m@oaic.gov.au
 348 ,Kathy        ,Fusco         ,kfusco9n@barnesandnoble.com
 349 ,Hanan        ,Iverson       ,hiverson9o@discuz.net
 350 ,Glad         ,Dawber        ,gdawber9p@marketwatch.com
 351 ,Raymund      ,Seneschal     ,rseneschal9q@abc.net.au
 352 ,Chrissy      ,Gheerhaert    ,cgheerhaert9r@npr.org
 353 ,Mohandis     ,Oland         ,moland9s@github.com
 354 ,Reuben       ,Pipworth      ,rpipworth9t@indiegogo.com
 355 ,Louisa       ,MacLennan     ,lmaclennan9u@ovh.net
 356 ,Wadsworth    ,Povall        ,wpovall9v@wikispaces.com
 357 ,Gratia       ,Sandever      ,gsandever9w@dot.gov
 358 ,Erhart       ,Free          ,efree9x@etsy.com
 359 ,Leontyne     ,felip         ,lfelip9y@go.com
 360 ,Reese        ,Rodgman       ,rrodgman9z@networksolutions.com
 361 ,Lesley       ,Hastings      ,lhastingsa0@hud.gov
 362 ,Earvin       ,Digman        ,edigmana1@geocities.jp
 363 ,Augustus     ,Garrould      ,agarroulda2@usgs.gov
 364 ,Angele       ,Plascott      ,aplascotta3@yellowbook.com
 365 ,Clotilda     ,Morrall       ,cmorralla4@tuttocitta.it
 366 ,Ephraim      ,Skoughman     ,eskoughmana5@webs.com
 367 ,Caren        ,Pablo         ,cpabloa6@kickstarter.com
 368 ,Gabbie       ,Dossett       ,gdossetta7@zdnet.com
 369 ,Byron        ,Januszkiewicz ,bjanuszkiewicza8@fema.gov
 370 ,Chastity     ,Vasichev      ,cvasicheva9@mediafire.com
 371 ,Nealon       ,MacConnel     ,nmacconnelaa@bing.com
 372 ,Fonsie       ,Garment       ,fgarmentab@fda.gov
 373 ,Branden      ,Huske         ,bhuskeac@wordpress.org
 374 ,Eleanore     ,Eivers        ,eeiversad@slashdot.org
 375 ,Mano         ,Tomczykowski  ,mtomczykowskiae@mozilla.com
 376 ,Velma        ,Le Fleming    ,vleflemingaf@cnet.com
 377 ,Nalani       ,Mapstone      ,nmapstoneag@ed.gov
 378 ,Fawne        ,Harbisher     ,fharbisherah@marketwatch.com
 379 ,Hester       ,Poynor        ,hpoynorai@noaa.gov
 380 ,Lesley       ,Braferton     ,lbrafertonaj@epa.gov
 381 ,Lorelei      ,Chumley       ,lchumleyak@cnbc.com
 382 ,Miles        ,Mockes        ,mmockesal@umn.edu
 383 ,Alena        ,Yuille        ,ayuilleam@tinyurl.com
 384 ,Collin       ,Iglesia       ,ciglesiaan@webeden.co.uk
 385 ,Devonna      ,Gandey        ,dgandeyao@buzzfeed.com
 386 ,Torrey       ,Spilisy       ,tspilisyap@discovery.com
 387 ,Beckie       ,Elstub        ,belstubaq@usa.gov
 388 ,Dorotea      ,Henzley       ,dhenzleyar@virginia.edu
 389 ,Angelique    ,Avey          ,aaveyas@mediafire.com
 390 ,Rivy         ,Bonsey        ,rbonseyat@unblog.fr
 391 ,Konstance    ,Newlands      ,knewlandsau@live.com
 392 ,Zebedee      ,Novic         ,znovicav@springer.com
 393 ,Berry        ,Basire        ,bbasireaw@intel.com
 394 ,Yulma        ,L'Episcopi    ,ylepiscopiax@nymag.com
 395 ,Florina      ,Sichardt      ,fsichardtay@cbsnews.com
 396 ,Roxi         ,McQuaker      ,rmcquakeraz@constantcontact.com
 397 ,Cornall      ,Brend         ,cbrendb0@oakley.com
 398 ,Rebeka       ,Hantusch      ,rhantuschb1@usnews.com
 399 ,Laurella     ,Borrie        ,lborrieb2@odnoklassniki.ru
 400 ,Michaella    ,Thebe         ,mthebeb3@cbslocal.com
 401 ,Candis       ,Simonnin      ,csimonninb4@dedecms.com
 402 ,Enrique      ,Comellini     ,ecomellinib5@intel.com
 403 ,Kent         ,Jenteau       ,kjenteaub6@newsvine.com
 404 ,Minetta      ,Hughson       ,mhughsonb7@amazonaws.com
 405 ,Gretta       ,Jura          ,gjurab8@jimdo.com
 406 ,Dania        ,Dodge         ,ddodgeb9@sciencedaily.com
 407 ,Emelen       ,Kasparski     ,ekasparskiba@ihg.com
 408 ,Perle        ,Louys         ,plouysbb@dailymotion.com
 409 ,Wyn          ,Frith         ,wfrithbc@google.com.hk
 410 ,Caitlin      ,Gorke         ,cgorkebd@networksolutions.com
 411 ,Amby         ,Tarpey        ,atarpeybe@t.co
 412 ,Savina       ,Dymoke        ,sdymokebf@histats.com
 413 ,Richmound    ,Mart          ,rmartbg@google.com.br
 414 ,Bobbie       ,Nurse         ,bnursebh@storify.com
 415 ,Geoff        ,Greguoli      ,ggreguolibi@businessinsider.com
 416 ,Cordi        ,Moret         ,cmoretbj@yahoo.com
 417 ,Sibyl        ,Dumsday       ,sdumsdaybk@jigsy.com
 418 ,Brittany     ,Fincham       ,bfinchambl@buzzfeed.com
 419 ,Enrika       ,Corbin        ,ecorbinbm@intel.com
 420 ,Stepha       ,Tie           ,stiebn@vistaprint.com
 421 ,Cindy        ,Badby         ,cbadbybo@elegantthemes.com
 422 ,Tommie       ,Lynagh        ,tlynaghbp@domainmarket.com
 423 ,Dora         ,Scatcher      ,dscatcherbq@addthis.com
 424 ,Mariana      ,McGinley      ,mmcginleybr@xing.com
 425 ,Farley       ,McBrearty     ,fmcbreartybs@globo.com
 426 ,Diahann      ,Weyman        ,dweymanbt@buzzfeed.com
 427 ,Donnie       ,Bibb          ,dbibbbu@cbsnews.com
 428 ,Mufinella    ,Pickavant     ,mpickavantbv@seattletimes.com
 429 ,Corette      ,Lydiatt       ,clydiattbw@domainmarket.com
 430 ,Livvyy       ,Hearons       ,lhearonsbx@oaic.gov.au
 431 ,Denny        ,Garford       ,dgarfordby@free.fr
 432 ,Marten       ,Norcross      ,mnorcrossbz@wired.com
 433 ,Kata         ,Gerrish       ,kgerrishc0@umn.edu
 434 ,Adriaens     ,Andrys        ,aandrysc1@google.ru
 435 ,Ariel        ,Wileman       ,awilemanc2@cbslocal.com
 436 ,Martguerita  ,Chicken       ,mchickenc3@skype.com
 437 ,Billye       ,Holah         ,bholahc4@harvard.edu
 438 ,Farley       ,Faley         ,ffaleyc5@mapquest.com
 439 ,Liesa        ,Essam         ,lessamc6@behance.net
 440 ,Wilow        ,Wonham        ,wwonhamc7@friendfeed.com
 441 ,Jesselyn     ,Burnhill      ,jburnhillc8@answers.com
 442 ,Grata        ,Adlington     ,gadlingtonc9@ft.com
 443 ,Gabriela     ,Sifflett      ,gsifflettca@drupal.org
 444 ,Eveline      ,Paramore      ,eparamorecb@java.com
 445 ,Theresina    ,Millsap       ,tmillsapcc@tuttocitta.it
 446 ,Kaye         ,Jiras         ,kjirascd@latimes.com
 447 ,Gasparo      ,Wellings      ,gwellingsce@reuters.com
 448 ,Shanta       ,Extal         ,sextalcf@oaic.gov.au
 449 ,Chase        ,Polye         ,cpolyecg@wired.com
 450 ,Joannes      ,Berford       ,jberfordch@irs.gov
 451 ,Dorelia      ,MacCallister  ,dmaccallisterci@creativecommons.org
 452 ,Denyse       ,Domb          ,ddombcj@sitemeter.com
 453 ,Faith        ,Bensusan      ,fbensusanck@csmonitor.com
 454 ,Kali         ,Capes         ,kcapescl@amazon.co.uk
 455 ,Magdalen     ,Rodgman       ,mrodgmancm@naver.com
 456 ,Talya        ,Brunner       ,tbrunnercn@nba.com
 457 ,Dedra        ,Lockey        ,dlockeyco@amazon.co.jp
 458 ,Valaria      ,Oldred        ,voldredcp@symantec.com
 459 ,Giulia       ,Javes         ,gjavescq@amazon.co.uk
 460 ,Rab          ,Sandels       ,rsandelscr@mtv.com
 461 ,Tabby        ,Coch          ,tcochcs@oakley.com
 462 ,Virgilio     ,Marshallsay   ,vmarshallsayct@list-manage.com
 463 ,Kelsi        ,Josephs       ,kjosephscu@nsw.gov.au
 464 ,Davide       ,Clogg         ,dcloggcv@sina.com.cn
 465 ,Bink         ,Baszniak      ,bbaszniakcw@opensource.org
 466 ,Yetta        ,Coltart       ,ycoltartcx@jimdo.com
 467 ,Robyn        ,Creser        ,rcresercy@rediff.com
 468 ,Rustie       ,Reap          ,rreapcz@gov.uk
 469 ,Reuben       ,Lafferty      ,rlaffertyd0@cafepress.com
 470 ,Eustacia     ,Thonger       ,ethongerd1@barnesandnoble.com
 471 ,Millard      ,Rubinov       ,mrubinovd2@exblog.jp
 472 ,Aurea        ,Gleadle       ,agleadled3@bandcamp.com
 473 ,Odo          ,Clancey       ,oclanceyd4@ibm.com
 474 ,Alicea       ,Attrie        ,aattried5@oakley.com
 475 ,Marketa      ,Giottini      ,mgiottinid6@pinterest.com
 476 ,Kiele        ,Dessaur       ,kdessaurd7@bizjournals.com
 477 ,Brendin      ,Staner        ,bstanerd8@foxnews.com
 478 ,Maria        ,Alpe          ,malped9@wiley.com
 479 ,Garrard      ,Beswetherick  ,gbeswetherickda@shop-pro.jp
 480 ,Reeta        ,Sell          ,rselldb@marriott.com
 481 ,Julita       ,Dibble        ,jdibbledc@is.gd
 482 ,Michael      ,Pounder       ,mpounderdd@posterous.com
 483 ,Kamila       ,Fronzek       ,kfronzekde@nasa.gov
 484 ,Dino         ,Lowrey        ,dlowreydf@china.com.cn
 485 ,Raddy        ,Songust       ,rsongustdg@imageshack.us
 486 ,Magdalen     ,Rowlinson     ,mrowlinsondh@nymag.com
 487 ,Irv          ,Edds          ,ieddsdi@ucsd.edu
 488 ,Harvey       ,Breede        ,hbreededj@posterous.com
 489 ,Jeramey      ,Grigaut       ,jgrigautdk@sohu.com
 490 ,Brett        ,Syseland      ,bsyselanddl@myspace.com
 491 ,Erick        ,Dell Casa     ,edellcasadm@ucoz.ru
 492 ,Cesare       ,Halwood       ,chalwooddn@ustream.tv
 493 ,Beverley     ,Pughsley      ,bpughsleydo@weather.com
 494 ,Althea       ,Dankov        ,adankovdp@123-reg.co.uk
 495 ,Saul         ,Novik         ,snovikdq@vkontakte.ru
 496 ,Jerald       ,Sieur         ,jsieurdr@cocolog-nifty.com
 497 ,Penelopa     ,Pawnsford     ,ppawnsfordds@stanford.edu
 498 ,Kikelia      ,Adolf         ,kadolfdt@yahoo.co.jp
 499 ,Maximilian   ,Pevsner       ,mpevsnerdu@facebook.com
 500 ,Marris       ,Kits          ,mkitsdv@jugem.jp
 501 ,Milo         ,Girardetti    ,mgirardettidw@gmpg.org
 502 ,Kattie       ,O'Kenny       ,kokennydx@yahoo.com
 503 ,Griselda     ,Bassick       ,gbassickdy@omniture.com
 504 ,Reynard      ,Wolfer        ,rwolferdz@booking.com
 505 ,Foster       ,Botger        ,fbotgere0@jalbum.net
 506 ,Gwendolyn    ,Dupree        ,gdupreee1@who.int
 507 ,Ivy          ,Chorley       ,ichorleye2@techcrunch.com
 508 ,Alexa        ,Pritty        ,aprittye3@businesswire.com
 509 ,Sonnnie      ,Kick          ,skicke4@moonfruit.com
 510 ,Ulises       ,Ivakhnov      ,uivakhnove5@bloglovin.com
 511 ,Onida        ,McAvinchey    ,omcavincheye6@admin.ch
 512 ,Hasheem      ,Davidofski    ,hdavidofskie7@scientificamerican.com
 513 ,Keene        ,Eliff         ,keliffe8@photobucket.com
 514 ,Esdras       ,Chin          ,echine9@unblog.fr
 515 ,Stoddard     ,Howey         ,showeyea@gizmodo.com
 516 ,Benyamin     ,Mateuszczyk   ,bmateuszczykeb@japanpost.jp
 517 ,Mathew       ,Craxford      ,mcraxfordec@berkeley.edu
 518 ,Brian        ,Acott         ,bacotted@etsy.com
 519 ,Judye        ,Alpes         ,jalpesee@wikimedia.org
 520 ,Camellia     ,Houlaghan     ,choulaghanef@ustream.tv
 521 ,Austin       ,Disbrey       ,adisbreyeg@dailymotion.com
 522 ,Gardener     ,Charlton      ,gcharltoneh@elegantthemes.com
 523 ,Jo           ,Bartol        ,jbartolei@opera.com
 524 ,Frieda       ,Hayfield      ,fhayfieldej@admin.ch
 525 ,Truda        ,Diment        ,tdimentek@istockphoto.com
 526 ,Erich        ,Barras        ,ebarrasel@nifty.com
 527 ,Aeriell      ,Rayne         ,arayneem@newsvine.com
 528 ,Noemi        ,Milksop       ,nmilksopen@comcast.net
 529 ,Janessa      ,Mathely       ,jmathelyeo@thetimes.co.uk
 530 ,Kahlil       ,Jerdon        ,kjerdonep@slate.com
 531 ,Cammi        ,Hansed        ,chansedeq@sakura.ne.jp
 532 ,Saul         ,Divver        ,sdivverer@zimbio.com
 533 ,Anderea      ,Petracek      ,apetracekes@vistaprint.com
 534 ,Man          ,Tilne         ,mtilneet@fc2.com
 535 ,Hetty        ,Ballintime    ,hballintimeeu@wikipedia.org
 536 ,Flint        ,Bryce         ,fbryceev@slashdot.org
 537 ,Corrine      ,Baysting      ,cbaystingew@google.com
 538 ,Valeda       ,Ratazzi       ,vratazziex@ezinearticles.com
 539 ,Nappy        ,McLaggan      ,nmclagganey@rambler.ru
 540 ,Syd          ,Erwin         ,serwinez@oakley.com
 541 ,Wilmar       ,Lashbrook     ,wlashbrookf0@usda.gov
 542 ,Brianne      ,Vaney         ,bvaneyf1@privacy.gov.au
 543 ,Gisele       ,Dict          ,gdictf2@apple.com
 544 ,Sigrid       ,Child         ,schildf3@xing.com
 545 ,Rozamond     ,Cavie         ,rcavief4@scientificamerican.com
 546 ,Simonne      ,Spoor         ,sspoorf5@cbsnews.com
 547 ,Rog          ,Ziems         ,rziemsf6@forbes.com
 548 ,Gene         ,Leyband       ,gleybandf7@com.com
 549 ,Efrem        ,Bewsy         ,ebewsyf8@washington.edu
 550 ,Willard      ,Camerana      ,wcameranaf9@pinterest.com
 551 ,Delly        ,Camings       ,dcamingsfa@theatlantic.com
 552 ,Virgina      ,Bruhnke       ,vbruhnkefb@desdev.cn
 553 ,Cobbie       ,Westfield     ,cwestfieldfc@scientificamerican.com
 554 ,Pru          ,Benne         ,pbennefd@ebay.co.uk
 555 ,Symon        ,Swithenby     ,sswithenbyfe@ted.com
 556 ,Dalis        ,Arnaldi       ,darnaldiff@diigo.com
 557 ,Irina        ,Predohl       ,ipredohlfg@mail.ru
 558 ,Lucita       ,Martinon      ,lmartinonfh@china.com.cn
 559 ,Anabelle     ,Flahive       ,aflahivefi@slashdot.org
 560 ,Lucretia     ,Essel         ,lesselfj@noaa.gov
 561 ,Erek         ,McNeice       ,emcneicefk@slideshare.net
 562 ,Charisse     ,Zanicchi      ,czanicchifl@shinystat.com
 563 ,Shaylyn      ,Alexandrescu  ,salexandrescufm@51.la
 564 ,Lita         ,Bridson       ,lbridsonfn@huffingtonpost.com
 565 ,Tanney       ,Rosini        ,trosinifo@webeden.co.uk
 566 ,Suzanne      ,Coch          ,scochfp@umich.edu
 567 ,Bamby        ,Posten        ,bpostenfq@sourceforge.net
 568 ,Tildie       ,Dulanty       ,tdulantyfr@discovery.com
 569 ,Mellie       ,Pycock        ,mpycockfs@hao123.com
 570 ,Larisa       ,Blakeman      ,lblakemanft@yale.edu
 571 ,Haroun       ,Bartoleyn     ,hbartoleynfu@wikimedia.org
 572 ,Obadiah      ,Catchpole     ,ocatchpolefv@zdnet.com
 573 ,Erasmus      ,Simes         ,esimesfw@networksolutions.com
 574 ,Marie-ann    ,Birkby        ,mbirkbyfx@diigo.com
 575 ,Barb         ,Mulhill       ,bmulhillfy@123-reg.co.uk
 576 ,Bren         ,Kildea        ,bkildeafz@forbes.com
 577 ,Rivy         ,Fortnon       ,rfortnong0@businessweek.com
 578 ,Blisse       ,Hugueville    ,bhuguevilleg1@google.fr
 579 ,Britta       ,McAteer       ,bmcateerg2@storify.com
 580 ,Wye          ,Spillman      ,wspillmang3@ucoz.ru
 581 ,Kissee       ,Dunston       ,kdunstong4@whitehouse.gov
 582 ,Maurizia     ,Tixall        ,mtixallg5@xrea.com
 583 ,Read         ,Di Biaggi     ,rdibiaggig6@pcworld.com
 584 ,Kerri        ,Huertas       ,khuertasg7@yellowpages.com
 585 ,Fayette      ,Ackerley      ,fackerleyg8@desdev.cn
 586 ,Eduard       ,Ossipenko     ,eossipenkog9@booking.com
 587 ,Frances      ,Losano        ,flosanoga@facebook.com
 588 ,Min          ,Calderon      ,mcalderongb@wisc.edu
 589 ,Melvin       ,Fettis        ,mfettisgc@usatoday.com
 590 ,Rafaelita    ,Hamsson       ,rhamssongd@va.gov
 591 ,Albina       ,Maddrell      ,amaddrellge@census.gov
 592 ,Lib          ,Caldicot      ,lcaldicotgf@lycos.com
 593 ,Joyann       ,Braisby       ,jbraisbygg@blogs.com
 594 ,Lina         ,Husbands      ,lhusbandsgh@google.ru
 595 ,Tammie       ,Kellock       ,tkellockgi@youtu.be
 596 ,Chiquia      ,Pirdue        ,cpirduegj@blogs.com
 597 ,Weider       ,Proom         ,wproomgk@chicagotribune.com
 598 ,Honor        ,Cameron       ,hcamerongl@cmu.edu
 599 ,Dennis       ,Whichelow     ,dwhichelowgm@techcrunch.com
 600 ,Isidoro      ,Killcross     ,ikillcrossgn@census.gov
 601 ,Kippy        ,Choppen       ,kchoppengo@issuu.com
 602 ,Dorine       ,Pobjoy        ,dpobjoygp@last.fm
 603 ,Cori         ,Darben        ,cdarbengq@umich.edu
 604 ,Alexia       ,Bevis         ,abevisgr@deliciousdays.com
 605 ,Zulema       ,Badcock       ,zbadcockgs@imgur.com
 606 ,Kylie        ,English       ,kenglishgt@foxnews.com
 607 ,Derwin       ,Croucher      ,dcrouchergu@qq.com
 608 ,Wittie       ,Cohrs         ,wcohrsgv@state.gov
 609 ,Flin         ,Ottewell      ,fottewellgw@t-online.de
 610 ,Lynda        ,Slack         ,lslackgx@noaa.gov
 611 ,Kaylil       ,Maybery       ,kmayberygy@about.me
 612 ,Forbes       ,Garrould      ,fgarrouldgz@pbs.org
 613 ,Michele      ,Temporal      ,mtemporalh0@usda.gov
 614 ,Revkah       ,Fantham       ,rfanthamh1@discuz.net
 615 ,Irwinn       ,Shillum       ,ishillumh2@bbc.co.uk
 616 ,Fabian       ,Masurel       ,fmasurelh3@mapquest.com
 617 ,Kaia         ,Woolatt       ,kwoolatth4@hubpages.com
 618 ,Cami         ,Borzone       ,cborzoneh5@gravatar.com
 619 ,Marijn       ,Stallon       ,mstallonh6@springer.com
 620 ,Udell        ,Kliemann      ,ukliemannh7@fastcompany.com
 621 ,Tonye        ,Marston       ,tmarstonh8@amazon.de
 622 ,Emilie       ,Bollans       ,ebollansh9@icq.com
 623 ,Nariko       ,Annett        ,nannettha@dagondesign.com
 624 ,Sarette      ,Fysh          ,sfyshhb@squidoo.com
 625 ,Adolphus     ,Casiroli      ,acasirolihc@geocities.jp
 626 ,Karoly       ,Waghorne      ,kwaghornehd@guardian.co.uk
 627 ,Eugenia      ,Dommett       ,edommetthe@vimeo.com
 628 ,Roselin      ,Holywell      ,rholywellhf@about.me
 629 ,Linc         ,Schulze       ,lschulzehg@guardian.co.uk
 630 ,Pate         ,Zanotti       ,pzanottihh@globo.com
 631 ,Leif         ,Jowers        ,ljowershi@google.de
 632 ,Valerye      ,Daunter       ,vdaunterhj@fastcompany.com
 633 ,Miller       ,Crowley       ,mcrowleyhk@sogou.com
 634 ,Jesse        ,Crosetti      ,jcrosettihl@clickbank.net
 635 ,Sally        ,Brose         ,sbrosehm@gov.uk
 636 ,Chaddie      ,Ritson        ,critsonhn@4shared.com
 637 ,Tabatha      ,MacKomb       ,tmackombho@cpanel.net
 638 ,Samuel       ,Crecy         ,screcyhp@addthis.com
 639 ,Dominga      ,Twoohy        ,dtwoohyhq@live.com
 640 ,Erda         ,Battin        ,ebattinhr@constantcontact.com
 641 ,Mady         ,Beatens       ,mbeatenshs@artisteer.com
 642 ,Rafaello     ,Gun           ,rgunht@smh.com.au
 643 ,Guillermo    ,Rickford      ,grickfordhu@ocn.ne.jp
 644 ,Tomkin       ,Blaschke      ,tblaschkehv@mapy.cz
 645 ,Artemas      ,Di Maria      ,adimariahw@mediafire.com
 646 ,Maurie       ,Hanhard       ,mhanhardhx@vk.com
 647 ,Dimitry      ,Trembath      ,dtrembathhy@java.com
 648 ,Sylvia       ,Rediers       ,srediershz@guardian.co.uk
 649 ,Paten        ,Pressnell     ,ppressnelli0@ow.ly
 650 ,Karoly       ,Kinchlea      ,kkinchleai1@rambler.ru
 651 ,Angelia      ,Dach          ,adachi2@mtv.com
 652 ,Felipe       ,O'Nions       ,fonionsi3@arstechnica.com
 653 ,Jelene       ,Langhorne     ,jlanghornei4@github.com
 654 ,Barthel      ,Bromehed      ,bbromehedi5@google.es
 655 ,Romeo        ,Lorente       ,rlorentei6@nih.gov
 656 ,Nance        ,Laming        ,nlamingi7@squidoo.com
 657 ,Link         ,Aizik         ,laiziki8@cloudflare.com
 658 ,Thurston     ,Pahler        ,tpahleri9@comsenz.com
 659 ,Bartel       ,Castagneri    ,bcastagneriia@vkontakte.ru
 660 ,Karin        ,Alsford       ,kalsfordib@ft.com
 661 ,Elisha       ,Evemy         ,eevemyic@netvibes.com
 662 ,Pen          ,Coonihan      ,pcoonihanid@indiatimes.com
 663 ,Alison       ,Sarjeant      ,asarjeantie@sun.com
 664 ,Sergei       ,Cleife        ,scleifeif@cdbaby.com
 665 ,Bern         ,Bedenham      ,bbedenhamig@loc.gov
 666 ,Gusella      ,Top           ,gtopih@indiatimes.com
 667 ,Floria       ,Gosby         ,fgosbyii@noaa.gov
 668 ,Minnie       ,O' Donohoe    ,modonohoeij@google.fr
 669 ,Ortensia     ,Kingaby       ,okingabyik@wordpress.com
 670 ,Dun          ,Polden        ,dpoldenil@desdev.cn
 671 ,Sabrina      ,MacEllen      ,smacellenim@go.com
 672 ,Isidro       ,Mitchenson    ,imitchensonin@huffingtonpost.com
 673 ,Elisabetta   ,Corhard       ,ecorhardio@cmu.edu
 674 ,Christoforo  ,Fearn         ,cfearnip@webs.com
 675 ,Angelico     ,Dillingston   ,adillingstoniq@google.es
 676 ,Ric          ,Dahill        ,rdahillir@hao123.com
 677 ,Lindsey      ,Bresland      ,lbreslandis@odnoklassniki.ru
 678 ,Lyda         ,Harmond       ,lharmondit@prnewswire.com
 679 ,David        ,Lambal        ,dlambaliu@e-recht24.de
 680 ,Lotti        ,Farrah        ,lfarrahiv@hostgator.com
 681 ,Kacey        ,Cullip        ,kcullipiw@moonfruit.com
 682 ,Augustina    ,Phalip        ,aphalipix@list-manage.com
 683 ,Conney       ,Gromley       ,cgromleyiy@sun.com
 684 ,Minnnie      ,Milburn       ,mmilburniz@sun.com
 685 ,Arnaldo      ,Densey        ,adenseyj0@washington.edu
 686 ,Kristan      ,Billyeald     ,kbillyealdj1@vkontakte.ru
 687 ,Chip         ,Methley       ,cmethleyj2@ox.ac.uk
 688 ,Carie        ,McKinie       ,cmckiniej3@behance.net
 689 ,Lorianna     ,Warboys       ,lwarboysj4@4shared.com
 690 ,Janie        ,Lorait        ,jloraitj5@edublogs.org
 691 ,Evered       ,Donnison      ,edonnisonj6@themeforest.net
 692 ,Frank        ,Nissle        ,fnisslej7@unicef.org
 693 ,Vasilis      ,Wetherick     ,vwetherickj8@slideshare.net
 694 ,Tracee       ,Hasling       ,thaslingj9@wordpress.org
 695 ,Jobey        ,Blackford     ,jblackfordja@opera.com
 696 ,Rozina       ,Sigfrid       ,rsigfridjb@wsj.com
 697 ,Farica       ,Jeratt        ,fjerattjc@joomla.org
 698 ,Cornelia     ,Dummer        ,cdummerjd@bbb.org
 699 ,Birk         ,Gary          ,bgaryje@cam.ac.uk
 700 ,Danette      ,Binham        ,dbinhamjf@newsvine.com
 701 ,Reeva        ,Petford       ,rpetfordjg@joomla.org
 702 ,Renard       ,Gerriets      ,rgerrietsjh@sfgate.com
 703 ,Vernor       ,Bitterton     ,vbittertonji@youku.com
 704 ,Layne        ,Jacklings     ,ljacklingsjj@dion.ne.jp
 705 ,Robinia      ,Yashaev       ,ryashaevjk@timesonline.co.uk
 706 ,Zorah        ,Novacek       ,znovacekjl@slashdot.org
 707 ,Elroy        ,Arbuckel      ,earbuckeljm@home.pl
 708 ,Hortense     ,Canny         ,hcannyjn@netscape.com
 709 ,Hendrick     ,Hischke       ,hhischkejo@cbslocal.com
 710 ,Claudie      ,Gealle        ,cgeallejp@unesco.org
 711 ,Christel     ,Sherer        ,cshererjq@exblog.jp
 712 ,Roshelle     ,Isaq          ,risaqjr@imageshack.us
 713 ,Karita       ,Whatling      ,kwhatlingjs@creativecommons.org
 714 ,Bridie       ,Standbrooke   ,bstandbrookejt@tinypic.com
 715 ,Vi           ,Finlry        ,vfinlryju@nymag.com
 716 ,Alejoa       ,Willox        ,awilloxjv@multiply.com
 717 ,Annabela     ,Allwright     ,aallwrightjw@phpbb.com
 718 ,Eddy         ,Dillingstone  ,edillingstonejx@i2i.jp
 719 ,Zacharias    ,Banyard       ,zbanyardjy@homestead.com
 720 ,Udall        ,Gascoyen      ,ugascoyenjz@wordpress.org
 721 ,Even         ,O'Fairy       ,eofairyk0@auda.org.au
 722 ,Melesa       ,Feuell        ,mfeuellk1@printfriendly.com
 723 ,Jeramie      ,Cohani        ,jcohanik2@marriott.com
 724 ,Karalee      ,Bachanski     ,kbachanskik3@twitpic.com
 725 ,Connie       ,Rosenhaus     ,crosenhausk4@imgur.com
 726 ,Jecho        ,Saundercock   ,jsaundercockk5@eepurl.com
 727 ,Yvon         ,Jaram         ,yjaramk6@bravesites.com
 728 ,Gates        ,Hollindale    ,ghollindalek7@rakuten.co.jp
 729 ,Karia        ,Reedick       ,kreedickk8@youtube.com
 730 ,Lynnea       ,Galfour       ,lgalfourk9@barnesandnoble.com
 731 ,Cass         ,Liddiatt      ,cliddiattka@house.gov
 732 ,Cairistiona  ,Pevreal       ,cpevrealkb@apache.org
 733 ,Blinny       ,Toderini      ,btoderinikc@github.io
 734 ,Lonni        ,Bagnall       ,lbagnallkd@nydailynews.com
 735 ,Emmet        ,Potte         ,epotteke@arizona.edu
 736 ,Leeland      ,Petrenko      ,lpetrenkokf@google.nl
 737 ,Iona         ,Devennie      ,idevenniekg@buzzfeed.com
 738 ,Georgiana    ,Roycroft      ,groycroftkh@sohu.com
 739 ,Dorrie       ,Miettinen     ,dmiettinenki@163.com
 740 ,Valene       ,Fishpond      ,vfishpondkj@engadget.com
 741 ,Annabelle    ,Teape         ,ateapekk@so-net.ne.jp
 742 ,Bronson      ,Whetton       ,bwhettonkl@rambler.ru
 743 ,Mort         ,Vogt          ,mvogtkm@apple.com
 744 ,Demeter      ,Jenson        ,djensonkn@loc.gov
 745 ,Jaymie       ,Yerrington    ,jyerringtonko@soundcloud.com
 746 ,Melamie      ,Chiswell      ,mchiswellkp@imageshack.us
 747 ,Talia        ,Dottridge     ,tdottridgekq@gizmodo.com
 748 ,Valene       ,Caile         ,vcailekr@skyrock.com
 749 ,Byram        ,Sabathe       ,bsabatheks@bbc.co.uk
 750 ,Windy        ,Igoe          ,wigoekt@amazonaws.com
 751 ,Trista       ,Holtum        ,tholtumku@freewebs.com
 752 ,Berkly       ,Miles         ,bmileskv@answers.com
 753 ,Linnie       ,Peasey        ,lpeaseykw@delicious.com
 754 ,Waly         ,Tiery         ,wtierykx@imageshack.us
 755 ,Anni         ,Render        ,arenderky@mtv.com
 756 ,Gilligan     ,Chapelle      ,gchapellekz@diigo.com
 757 ,Obadiah      ,Curtois       ,ocurtoisl0@telegraph.co.uk
 758 ,Dita         ,Restill       ,drestilll1@blogger.com
 759 ,Inna         ,Bonhill       ,ibonhilll2@guardian.co.uk
 760 ,Matias       ,Cranna        ,mcrannal3@pen.io
 761 ,Wally        ,Stenners      ,wstennersl4@geocities.jp
 762 ,Andrei       ,Bendtsen      ,abendtsenl5@live.com
 763 ,Mimi         ,Caghy         ,mcaghyl6@wufoo.com
 764 ,Dwayne       ,Trudgian      ,dtrudgianl7@ucoz.com
 765 ,Stacia       ,Dennidge      ,sdennidgel8@upenn.edu
 766 ,Margot       ,Sergean       ,msergeanl9@cdbaby.com
 767 ,Pancho       ,Lung          ,plungla@symantec.com
 768 ,Dale         ,Woodburn      ,dwoodburnlb@printfriendly.com
 769 ,Jo ann       ,Heild         ,jheildlc@exblog.jp
 770 ,Dominick     ,Elton         ,deltonld@nytimes.com
 771 ,Raina        ,Oley          ,roleyle@typepad.com
 772 ,Arv          ,Scawen        ,ascawenlf@theglobeandmail.com
 773 ,Ferdinand    ,Adamsson      ,fadamssonlg@mozilla.org
 774 ,Dorie        ,MacGillreich  ,dmacgillreichlh@hexun.com
 775 ,Jonathon     ,Babb          ,jbabbli@storify.com
 776 ,Moyra        ,Mangin        ,mmanginlj@wunderground.com
 777 ,Misha        ,Cliffe        ,mcliffelk@blogspot.com
 778 ,Konstantin   ,Rallin        ,krallinll@shareasale.com
 779 ,Ryon         ,Steagall      ,rsteagalllm@behance.net
 780 ,Codi         ,Caldero       ,ccalderoln@mlb.com
 781 ,Lorilee      ,Ayree         ,layreelo@ft.com
 782 ,De           ,McCowan       ,dmccowanlp@taobao.com
 783 ,Jaquenetta   ,Melton        ,jmeltonlq@ycombinator.com
 784 ,Brice        ,Elton         ,beltonlr@shareasale.com
 785 ,Prisca       ,Wickes        ,pwickesls@yellowbook.com
 786 ,Pammi        ,Osipenko      ,posipenkolt@ucla.edu
 787 ,Alberta      ,Mapson        ,amapsonlu@cornell.edu
 788 ,Dav          ,Grinnov       ,dgrinnovlv@symantec.com
 789 ,Floris       ,Woodroff      ,fwoodrofflw@umn.edu
 790 ,Nikolas      ,Took          ,ntooklx@addthis.com
 791 ,Eugen        ,Divina        ,edivinaly@webmd.com
 792 ,Ingrim       ,Raftery       ,irafterylz@imageshack.us
 793 ,Grantham     ,Kinset        ,gkinsetm0@redcross.org
 794 ,Gena         ,Mitie         ,gmitiem1@deliciousdays.com
 795 ,Gordan       ,Glaserman     ,gglasermanm2@wikispaces.com
 796 ,Sig          ,Feldmus       ,sfeldmusm3@dropbox.com
 797 ,Margi        ,Swanne        ,mswannem4@umn.edu
 798 ,Caitlin      ,Hradsky       ,chradskym5@gov.uk
 799 ,Pandora      ,Sorbey        ,psorbeym6@paypal.com
 800 ,Malorie      ,Cartmael      ,mcartmaelm7@unblog.fr
 801 ,Madonna      ,Gittoes       ,mgittoesm8@reddit.com
 802 ,Octavia      ,Lewson        ,olewsonm9@disqus.com
 803 ,Allard       ,Wenzel        ,awenzelma@miitbeian.gov.cn
 804 ,Vinni        ,Keems         ,vkeemsmb@google.com
 805 ,Babita       ,Temblett      ,btemblettmc@yellowbook.com
 806 ,Rockey       ,Targe         ,rtargemd@hud.gov
 807 ,Timothea     ,Upfold        ,tupfoldme@yellowpages.com
 808 ,Sigfrid      ,Boss          ,sbossmf@gizmodo.com
 809 ,Tuesday      ,Bayley        ,tbayleymg@people.com.cn
 810 ,Hailee       ,Francescotti  ,hfrancescottimh@prlog.org
 811 ,Sandor       ,Debell        ,sdebellmi@1688.com
 812 ,Claretta     ,Beden         ,cbedenmj@nationalgeographic.com
 813 ,Wendye       ,Bugler        ,wbuglermk@google.es
 814 ,Winni        ,Tummond       ,wtummondml@cafepress.com
 815 ,Bessy        ,Fewless       ,bfewlessmm@instagram.com
 816 ,Mill         ,Marquand      ,mmarquandmn@dmoz.org
 817 ,Stephani     ,Wadeson       ,swadesonmo@networkadvertising.org
 818 ,Ulrika       ,MacGille      ,umacgillemp@illinois.edu
 819 ,Arthur       ,McCaskell     ,amccaskellmq@uol.com.br
 820 ,Moise        ,Guerreiro     ,mguerreiromr@liveinternet.ru
 821 ,Zandra       ,Greydon       ,zgreydonms@soup.io
 822 ,Mathias      ,Eakin         ,meakinmt@wikia.com
 823 ,Merwin       ,Canedo        ,mcanedomu@umich.edu
 824 ,Alyss        ,Bumpus        ,abumpusmv@pinterest.com
 825 ,Ferris       ,Huckel        ,fhuckelmw@barnesandnoble.com
 826 ,Berry        ,Vuittet       ,bvuittetmx@cnn.com
 827 ,Caressa      ,Hackney       ,chackneymy@umn.edu
 828 ,Jaye         ,Tranckle      ,jtrancklemz@tuttocitta.it
 829 ,Fern         ,Scarasbrick   ,fscarasbrickn0@jalbum.net
 830 ,Frannie      ,Gagin         ,fgaginn1@xrea.com
 831 ,Ernaline     ,Aggiss        ,eaggissn2@ihg.com
 832 ,Waite        ,Fardy         ,wfardyn3@washington.edu
 833 ,Eleonore     ,Evins         ,eevinsn4@google.com.au
 834 ,Gavrielle    ,Keningley     ,gkeningleyn5@slashdot.org
 835 ,Kenon        ,Chestnutt     ,kchestnuttn6@altervista.org
 836 ,Seka         ,Kirkby        ,skirkbyn7@weebly.com
 837 ,Corri        ,Rowes         ,crowesn8@joomla.org
 838 ,Joana        ,Parnby        ,jparnbyn9@free.fr
 839 ,Loren        ,Somerville    ,lsomervillena@pbs.org
 840 ,Selle        ,Gaythor       ,sgaythornb@cornell.edu
 841 ,Elvira       ,Moyne         ,emoynenc@nasa.gov
 842 ,Berna        ,Pateman       ,bpatemannd@businessweek.com
 843 ,Rebecka      ,Speakman      ,rspeakmanne@rambler.ru
 844 ,Angie        ,Pennick       ,apennicknf@mozilla.com
 845 ,Trish        ,Jeaffreson    ,tjeaffresonng@msu.edu
 846 ,Myrwyn       ,Ramsdale      ,mramsdalenh@bandcamp.com
 847 ,Ray          ,Smewings      ,rsmewingsni@harvard.edu
 848 ,Iris         ,Burn          ,iburnnj@umn.edu
 849 ,Dionysus     ,April         ,daprilnk@mozilla.com
 850 ,Codee        ,MacAless      ,cmacalessnl@webs.com
 851 ,Linea        ,Wandrich      ,lwandrichnm@theatlantic.com
 852 ,Doe          ,Mellish       ,dmellishnn@bigcartel.com
 853 ,Brandea      ,Podmore       ,bpodmoreno@creativecommons.org
 854 ,Bailey       ,Matura        ,bmaturanp@angelfire.com
 855 ,Malcolm      ,Zuppa         ,mzuppanq@icio.us
 856 ,Roderic      ,Stroyan       ,rstroyannr@berkeley.edu
 857 ,Edithe       ,Hyrons        ,ehyronsns@baidu.com
 858 ,Jenifer      ,Hacquoil      ,jhacquoilnt@studiopress.com
 859 ,Rob          ,Yellowlee     ,ryellowleenu@jugem.jp
 860 ,Dale         ,Winfindale    ,dwinfindalenv@etsy.com
 861 ,Tania        ,Banck         ,tbancknw@sciencedirect.com
 862 ,Cull         ,Kingdon       ,ckingdonnx@addtoany.com
 863 ,Herculie     ,Oldis         ,holdisny@wikispaces.com
 864 ,Phoebe       ,Eayres        ,peayresnz@t.co
 865 ,Lila         ,Perring       ,lperringo0@devhub.com
 866 ,Whitby       ,Ogan          ,wogano1@t-online.de
 867 ,Isabel       ,Messier       ,imessiero2@omniture.com
 868 ,Stafani      ,Petrik        ,spetriko3@e-recht24.de
 869 ,Jennette     ,Baitson       ,jbaitsono4@domainmarket.com
 870 ,Vale         ,Brombell      ,vbrombello5@g.co
 871 ,Phillida     ,Balcon        ,pbalcono6@army.mil
 872 ,Bordy        ,Sapsed        ,bsapsedo7@nbcnews.com
 873 ,Tiphany      ,Ducroe        ,tducroeo8@house.gov
 874 ,Caritta      ,Anneslie      ,canneslieo9@virginia.edu
 875 ,Nicky        ,Huffey        ,nhuffeyoa@nifty.com
 876 ,Harli        ,Pollastrino   ,hpollastrinoob@webeden.co.uk
 877 ,Aila         ,Nanuccioi     ,ananuccioioc@barnesandnoble.com
 878 ,Chiarra      ,Sketh         ,cskethod@redcross.org
 879 ,Charlene     ,Lincke        ,clinckeoe@uol.com.br
 880 ,Hasheem      ,Ruane         ,hruaneof@com.com
 881 ,Hildegarde   ,Kirtlan       ,hkirtlanog@slate.com
 882 ,Donna        ,Fermor        ,dfermoroh@springer.com
 883 ,Jerrie       ,Gilbody       ,jgilbodyoi@woothemes.com
 884 ,Sileas       ,Hallsworth    ,shallsworthoj@rediff.com
 885 ,Bartolemo    ,Daysh         ,bdayshok@walmart.com
 886 ,Ugo          ,Vaughan       ,uvaughanol@xing.com
 887 ,Bernardine   ,Chudleigh     ,bchudleighom@slate.com
 888 ,Hanni        ,Kelso         ,hkelsoon@taobao.com
 889 ,Beatrix      ,Lineham       ,blinehamoo@ifeng.com
 890 ,Anders       ,Prangley      ,aprangleyop@zdnet.com
 891 ,Law          ,Jardin        ,ljardinoq@angelfire.com
 892 ,Odie         ,Linner        ,olinneror@yellowpages.com
 893 ,Luca         ,Cartmell      ,lcartmellos@1und1.de
 894 ,Jerrilee     ,Teenan        ,jteenanot@storify.com
 895 ,Leigh        ,Yoselevitch   ,lyoselevitchou@twitter.com
 896 ,Lisette      ,Berecloth     ,lbereclothov@icq.com
 897 ,Dugald       ,Adderley      ,dadderleyow@slate.com
 898 ,Monah        ,Gosselin      ,mgosselinox@google.nl
 899 ,Rebeka       ,Pay           ,rpayoy@digg.com
 900 ,Yves         ,Bissex        ,ybissexoz@edublogs.org
 901 ,Aeriel       ,Collomosse    ,acollomossep0@facebook.com
 902 ,Jodi         ,Hedaux        ,jhedauxp1@typepad.com
 903 ,Nissy        ,Keam          ,nkeamp2@woothemes.com
 904 ,Stacia       ,Bartosik      ,sbartosikp3@gnu.org
 905 ,Jacqui       ,Langtry       ,jlangtryp4@indiatimes.com
 906 ,Lin          ,Loos          ,lloosp5@weibo.com
 907 ,Marta        ,Gower         ,mgowerp6@soup.io
 908 ,Olympe       ,Walkey        ,owalkeyp7@weibo.com
 909 ,Alisha       ,McClinton     ,amcclintonp8@mozilla.com
 910 ,Perrine      ,Harnetty      ,pharnettyp9@ehow.com
 911 ,Megan        ,Lory          ,mlorypa@prnewswire.com
 912 ,Baryram      ,Doumic        ,bdoumicpb@usgs.gov
 913 ,Dorie        ,Pedracci      ,dpedraccipc@gnu.org
 914 ,Phebe        ,Premble       ,ppremblepd@fc2.com
 915 ,Rodrigo      ,MacAllen      ,rmacallenpe@dedecms.com
 916 ,Fey          ,Tesoe         ,ftesoepf@ustream.tv
 917 ,Sissy        ,Swinden       ,sswindenpg@toplist.cz
 918 ,Wendye       ,Chrichton     ,wchrichtonph@dailymail.co.uk
 919 ,Aldridge     ,Lydon         ,alydonpi@lulu.com
 920 ,Sarette      ,Aynsley       ,saynsleypj@networksolutions.com
 921 ,Russ         ,Warbey        ,rwarbeypk@cmu.edu
 922 ,Queenie      ,Rentoll       ,qrentollpl@mit.edu
 923 ,Lester       ,Heavens       ,lheavenspm@guardian.co.uk
 924 ,Cindra       ,Pecht         ,cpechtpn@storify.com
 925 ,Gardiner     ,Somers        ,gsomerspo@umn.edu
 926 ,Dael         ,Dingsdale     ,ddingsdalepp@wix.com
 927 ,Knox         ,Silcox        ,ksilcoxpq@bbc.co.uk
 928 ,Deerdre      ,Derby         ,dderbypr@mlb.com
 929 ,Lilla        ,D'Antoni      ,ldantonips@cbslocal.com
 930 ,Delinda      ,Janout        ,djanoutpt@freewebs.com
 931 ,Olympie      ,Lethby        ,olethbypu@jugem.jp
 932 ,Zechariah    ,Haddington    ,zhaddingtonpv@fc2.com
 933 ,Ephrem       ,Proudman      ,eproudmanpw@usgs.gov
 934 ,Thelma       ,Flett         ,tflettpx@live.com
 935 ,Brendon      ,Bate          ,bbatepy@ucsd.edu
 936 ,Brannon      ,Honisch       ,bhonischpz@google.es
 937 ,Zaneta       ,Domerq        ,zdomerqq0@shinystat.com
 938 ,Alick        ,Rounsefell    ,arounsefellq1@wikipedia.org
 939 ,Ham          ,Fielden       ,hfieldenq2@webnode.com
 940 ,Sayer        ,Severn        ,ssevernq3@cbsnews.com
 941 ,Stormy       ,Albin         ,salbinq4@edublogs.org
 942 ,Anetta       ,Hanlin        ,ahanlinq5@princeton.edu
 943 ,Chloette     ,Waggitt       ,cwaggittq6@europa.eu
 944 ,Jaime        ,Stapleton     ,jstapletonq7@businessweek.com
 945 ,Northrop     ,Zanitti       ,nzanittiq8@liveinternet.ru
 946 ,Joan         ,Kuhle         ,jkuhleq9@nhs.uk
 947 ,Lorettalorna ,Abramowitz    ,labramowitzqa@xing.com
 948 ,Jacquelynn   ,Grishmanov    ,jgrishmanovqb@uol.com.br
 949 ,Isidoro      ,Curnnokk      ,icurnnokkqc@ihg.com
 950 ,Ethelyn      ,Pardal        ,epardalqd@feedburner.com
 951 ,Marlie       ,Rocks         ,mrocksqe@forbes.com
 952 ,Chaunce      ,Steers        ,csteersqf@webs.com
 953 ,Jervis       ,Geharke       ,jgeharkeqg@blogspot.com
 954 ,Estell       ,Poulsen       ,epoulsenqh@kickstarter.com
 955 ,Lynna        ,Sucre         ,lsucreqi@tripadvisor.com
 956 ,Krysta       ,Chapelhow     ,kchapelhowqj@mashable.com
 957 ,Gertrudis    ,Spiteri       ,gspiteriqk@google.pl
 958 ,Nicko        ,Bruniges      ,nbrunigesql@tuttocitta.it
 959 ,Leena        ,Beardwell     ,lbeardwellqm@java.com
 960 ,Cele         ,Teasey        ,cteaseyqn@gmpg.org
 961 ,Kenn         ,Yakobovicz    ,kyakoboviczqo@columbia.edu
 962 ,Noemi        ,Pea           ,npeaqp@bing.com
 963 ,Jefferey     ,Grzegorek     ,jgrzegorekqq@twitter.com
 964 ,Piper        ,Melhuish      ,pmelhuishqr@ca.gov
 965 ,Ealasaid     ,Stokell       ,estokellqs@gov.uk
 966 ,Fairlie      ,Ashfield      ,fashfieldqt@pagesperso-orange.fr
 967 ,Herta        ,Ketteman      ,hkettemanqu@salon.com
 968 ,Concettina   ,Cullnean      ,ccullneanqv@washington.edu
 969 ,Skye         ,Rook          ,srookqw@google.nl
 970 ,Pacorro      ,Torbard       ,ptorbardqx@plala.or.jp
 971 ,Andras       ,Grinnell      ,agrinnellqy@biglobe.ne.jp
 972 ,Osbourne     ,Carcass       ,ocarcassqz@dot.gov
 973 ,Elyse        ,Georgot       ,egeorgotr0@topsy.com
 974 ,Upton        ,Ivanchov      ,uivanchovr1@phpbb.com
 975 ,Anatola      ,Heintzsch     ,aheintzschr2@mit.edu
 976 ,Filberto     ,Mordy         ,fmordyr3@dell.com
 977 ,Barthel      ,Baumber       ,bbaumberr4@theatlantic.com
 978 ,Ambros       ,Viggers       ,aviggersr5@taobao.com
 979 ,Rozalin      ,Morffew       ,rmorffewr6@merriam-webster.com
 980 ,Corene       ,Fanthome      ,cfanthomer7@newsvine.com
 981 ,Jori         ,Taveriner     ,jtaverinerr8@oaic.gov.au
 982 ,Bank         ,MacVanamy     ,bmacvanamyr9@imdb.com
 983 ,Benedick     ,Shurmore      ,bshurmorera@chron.com
 984 ,Kellby       ,Le Quesne     ,klequesnerb@google.ru
 985 ,Sylvia       ,Loraine       ,slorainerc@gizmodo.com
 986 ,Laraine      ,Fraine        ,lfrainerd@topsy.com
 987 ,Shep         ,Papaminas     ,spapaminasre@barnesandnoble.com
 988 ,Cori         ,Wichard       ,cwichardrf@drupal.org
 989 ,Reeba        ,Rosone        ,rrosonerg@4shared.com
 990 ,Stacee       ,De Ambrosis   ,sdeambrosisrh@homestead.com
 991 ,Leicester    ,Huggen        ,lhuggenri@eventbrite.com
 992 ,Dix          ,Griffitt      ,dgriffittrj@icq.com
 993 ,Ashien       ,Spilsbury     ,aspilsburyrk@aol.com
 994 ,Drona        ,Gyver         ,dgyverrl@digg.com
 995 ,Virgie       ,Gitting       ,vgittingrm@utexas.edu
 996 ,Audrey       ,Mudd          ,amuddrn@simplemachines.org
 997 ,Kellina      ,Manclark      ,kmanclarkro@cdc.gov
 998 ,Theresa      ,Linner        ,tlinnerrp@prlog.org
 999 ,Pattie       ,Cromarty      ,pcromartyrq@blogger.com
1000 ,Meryl        ,Kryzhov       ,mkryzhovrr@house.gov
